"Id","RequestId","ProductId","Quantity"
"1","32","9","5"
"2","82","10","19"
"3","35","79","11"
"4","46","99","6"
"5","14","83","16"
"6","17","68","12"
"7","119","40","10"
"8","16","90","20"
"9","39","67","23"
"10","5","9","2"
"11","17","3","2"
"12","71","86","1"
"13","144","46","11"
"14","136","61","5"
"15","54","40","23"
"16","14","59","17"
"17","100","79","21"
"18","78","32","16"
"19","13","87","22"
"20","45","24","11"
"21","97","93","16"
"22","61","52","25"
"23","21","98","13"
"24","73","97","5"
"25","99","8","17"
"26","78","48","12"
"27","24","52","1"
"28","8","56","25"
"29","21","33","3"
"30","44","77","25"
"31","17","81","3"
"32","109","35","13"
"33","35","88","2"
"34","41","21","13"
"35","141","87","21"
"36","150","14","11"
"37","124","86","6"
"38","73","43","22"
"39","84","67","8"
"40","20","95","3"
"41","56","11","4"
"42","57","9","9"
"43","63","30","22"
"44","12","12","13"
"45","139","74","7"
"46","82","19","11"
"47","75","28","10"
"48","7","7","12"
"49","68","87","16"
"50","38","88","21"
"51","130","40","17"
"52","143","9","18"
"53","39","98","4"
"54","44","47","16"
"55","114","39","20"
"56","116","9","5"
"57","125","81","9"
"58","25","80","7"
"59","13","100","15"
"60","32","40","7"
"61","33","9","7"
"62","54","2","16"
"63","121","87","2"
"64","56","49","2"
"65","101","59","19"
"66","3","42","10"
"67","49","46","17"
"68","127","26","19"
"69","66","41","16"
"70","144","60","12"
"71","88","64","24"
"72","81","58","9"
"73","1","55","12"
"74","97","64","9"
"75","101","43","6"
"76","44","94","8"
"77","78","40","24"
"78","24","78","5"
"79","10","79","5"
"80","8","67","1"
"81","146","19","3"
"82","140","82","25"
"83","118","97","20"
"84","69","86","10"
"85","95","30","6"
"86","105","22","20"
"87","66","30","25"
"88","105","39","15"
"89","138","47","8"
"90","82","6","13"
"91","112","68","5"
"92","18","2","18"
"93","63","70","24"
"94","90","46","18"
"95","53","88","4"
"96","5","99","4"
"97","125","64","3"
"98","71","37","6"
"99","116","27","13"
"100","123","11","13"
"101","114","45","6"
"102","132","2","12"
"103","81","87","1"
"104","8","93","7"
"105","134","70","1"
"106","114","29","23"
"107","77","17","1"
"108","136","46","8"
"109","80","41","19"
"110","94","98","10"
"111","37","61","13"
"112","17","7","18"
"113","117","91","9"
"114","48","70","25"
"115","9","42","3"
"116","12","42","1"
"117","61","62","19"
"118","10","94","2"
"119","99","90","13"
"120","117","78","25"
"121","48","21","25"
"122","28","95","17"
"123","118","28","4"
"124","25","84","12"
"125","4","91","23"
"126","48","20","7"
"127","113","70","9"
"128","28","57","6"
"129","141","65","18"
"130","30","85","3"
"131","112","33","20"
"132","8","45","8"
"133","60","80","4"
"134","71","58","14"
"135","95","32","7"
"136","91","81","24"
"137","122","98","9"
"138","3","81","14"
"139","94","64","3"
"140","75","17","11"
"141","23","8","10"
"142","8","18","16"
"143","86","100","7"
"144","60","23","9"
"145","21","26","19"
"146","118","9","17"
"148","114","28","4"
"149","142","30","21"
"150","28","12","9"
"151","5","31","3"
"152","136","34","11"
"153","114","57","18"
"154","69","79","20"
"155","131","38","6"
"156","35","35","8"
"157","103","78","22"
"158","116","74","2"
"159","128","13","10"
"160","120","71","23"
"161","13","46","19"
"162","110","38","12"
"163","99","2","7"
"164","19","49","25"
"165","100","21","9"
"166","133","34","4"
"167","62","2","23"
"168","116","17","10"
"169","146","26","25"
"170","83","66","1"
"171","89","12","23"
"172","90","22","14"
"173","123","82","4"
"174","139","44","24"
"175","35","38","7"
"176","42","4","20"
"177","123","47","19"
"178","138","49","19"
"179","101","20","22"
"180","129","48","3"
"181","88","1","25"
"182","42","25","22"
"183","121","69","17"
"184","147","47","4"
"185","111","81","14"
"186","18","88","13"
"187","128","35","19"
"188","71","48","3"
"189","122","42","18"
"190","60","37","12"
"191","96","6","20"
"192","56","6","17"
"193","48","77","13"
"194","48","15","14"
"195","42","45","24"
"196","4","13","4"
"197","80","2","22"
"198","87","31","22"
"199","79","84","14"
"200","37","79","6"
"201","135","17","16"
"202","36","63","23"
"203","108","69","12"
"204","3","78","20"
"205","41","3","22"
"206","148","84","22"
"207","71","36","12"
"208","112","75","12"
"209","31","9","14"
"210","2","1","1"
"211","35","76","3"
"213","81","66","13"
"214","61","74","20"
"215","23","58","5"
"216","37","34","14"
"217","18","65","9"
"218","77","3","15"
"219","6","24","12"
"220","117","59","3"
"221","34","39","2"
"222","45","41","21"
"223","142","76","5"
"224","21","65","20"
"225","115","41","21"
"226","26","61","7"
"227","52","53","20"
"228","77","77","5"
"229","94","31","13"
"230","11","29","4"
"231","47","90","3"
"232","31","3","10"
"233","20","66","20"
"234","23","5","15"
"235","114","79","20"
"236","83","88","1"
"237","14","37","19"
"238","105","44","11"
"239","22","28","11"
"240","123","52","4"
"241","80","93","19"
"242","130","42","1"
"243","132","53","12"
"244","83","28","10"
"245","148","56","17"
"246","147","53","11"
"247","122","12","13"
"248","2","51","4"
"249","102","82","25"
"250","76","45","10"
"251","102","78","17"
"252","81","1","6"
"253","76","99","9"
"254","83","61","15"
"255","142","33","6"
"256","57","2","22"
"257","101","23","11"
"258","78","92","3"
"259","84","53","15"
"260","7","93","1"
"261","24","10","20"
"262","92","64","21"
"263","109","2","13"
"264","56","45","20"
"265","126","44","18"
"266","54","10","8"
"267","92","32","7"
"268","97","36","7"
"269","48","87","15"
"270","84","49","15"
"271","22","23","5"
"272","41","63","19"
"273","65","13","6"
"274","104","89","22"
"275","19","70","10"
"276","81","17","17"
"277","146","88","3"
"278","125","24","12"
"279","47","25","21"
"280","32","93","2"
"281","111","45","12"
"282","6","36","2"
"283","39","69","20"
"284","150","69","19"
"285","121","41","10"
"286","126","66","20"
"287","109","85","18"
"288","52","42","16"
"289","44","9","18"
"290","54","16","20"
"291","88","75","3"
"292","126","60","8"
"293","140","14","24"
"294","96","15","18"
"295","20","24","18"
"296","87","86","12"
"297","83","23","21"
"298","125","93","13"
"299","108","2","14"
"300","13","91","15"
